예측구간,예측발전량(MWh),누적발전량(MWh)
현재,40.38508224487305,40.38508224487305
24시간,932.2353515625,932.2353515625
48시간,1893.283203125,1893.283203125
72시간,2820.978271484375,2820.978271484375
